timestamp,open,high,low,close,volume
2025-01-01 00:00:00+00:00,2650.0027063373864,2652.636438624936,2647.7462757347553,2650.0027063373864,799
2025-01-01 00:15:00+00:00,2650.0027063373864,2652.682295752921,2647.210047505401,2651.174162266201,541
2025-01-01 00:30:00+00:00,2651.174162266201,2651.682354120985,2648.1655550757337,2651.0848549912994,133
2025-01-01 00:45:00+00:00,2651.0848549912994,2653.5522733964635,2647.3485381763826,2649.6385098167466,352
2025-01-01 01:00:00+00:00,2649.6385098167466,2650.7521994447943,2646.492444539893,2649.1499331120826,380
2025-01-01 01:15:00+00:00,2649.1499331120826,2650.006133626489,2644.874078923483,2647.478334180733,414
2025-01-01 01:30:00+00:00,2647.478334180733,2650.617310741345,2646.0824897115626,2648.118581745634,630
2025-01-01 01:45:00+00:00,2648.118581745634,2653.788302089712,2647.3709720808356,2651.5724804647175,968
2025-01-01 02:00:00+00:00,2651.5724804647175,2652.603518466825,2648.6734718603952,2650.99213227853,232
2025-01-01 02:15:00+00:00,2650.99213227853,2652.161086815331,2649.2839811534473,2650.126264448111,407
2025-01-01 02:30:00+00:00,2650.126264448111,2654.5474068171793,2648.665767503107,2651.699357238597,340
2025-01-01 02:45:00+00:00,2651.699357238597,2654.1471527917183,2648.7100173449157,2652.9758078539876,620
2025-01-01 03:00:00+00:00,2652.9758078539876,2655.9504909784036,2651.0763440411656,2653.694476283294,832
2025-01-01 03:15:00+00:00,2653.694476283294,2654.5183593999022,2650.3249141334372,2652.129264224831,950
2025-01-01 03:30:00+00:00,2652.129264224831,2655.0789847929427,2649.259564356782,2652.541395119923,556
2025-01-01 03:45:00+00:00,2652.541395119923,2655.335800404095,2651.3312948969665,2654.541825376051,367
2025-01-01 04:00:00+00:00,2654.541825376051,2656.3319281930026,2649.050633340179,2652.049210653779,296
2025-01-01 04:15:00+00:00,2652.049210653779,2652.6372547201972,2648.7206785061967,2651.500628028419,828
2025-01-01 04:30:00+00:00,2651.500628028419,2653.3758243924126,2646.3594908014898,2647.7692508244018,141
2025-01-01 04:45:00+00:00,2647.7692508244018,2650.3858048593634,2644.058253464868,2645.376353001466,202
2025-01-01 05:00:00+00:00,2645.376353001466,2646.0873492812525,2640.9446225951388,2641.761031010088,155
2025-01-01 05:15:00+00:00,2641.761031010088,2642.9466724585645,2638.883278915323,2641.672379202376,759
2025-01-01 05:30:00+00:00,2641.672379202376,2644.084111860858,2638.3397245923625,2639.3042494008787,867
2025-01-01 05:45:00+00:00,2639.3042494008787,2642.332889983743,2638.7818027525127,2640.3126441851,826
2025-01-01 06:00:00+00:00,2640.3126441851,2642.342126786075,2637.5874527218725,2641.0601345197074,347
2025-01-01 06:15:00+00:00,2641.0601345197074,2643.1323942183426,2639.04693264494,2641.0422204730976,853
2025-01-01 06:30:00+00:00,2641.0422204730976,2642.6789962741536,2633.709436528243,2635.889058161248,104
2025-01-01 06:45:00+00:00,2635.889058161248,2638.5449488255117,2632.744851771854,2635.0777046521503,977
2025-01-01 07:00:00+00:00,2635.0777046521503,2636.5668799017703,2634.4710506397805,2635.3345301455256,637
2025-01-01 07:15:00+00:00,2635.3345301455256,2638.3311239703485,2634.604892650199,2635.936797462468,739
2025-01-01 07:30:00+00:00,2635.936797462468,2638.0259828501426,2631.163065904455,2632.9126581670703,187
2025-01-01 07:45:00+00:00,2632.9126581670703,2635.263729819096,2631.5670005162906,2632.1926528947033,979
2025-01-01 08:00:00+00:00,2632.1926528947033,2633.6383069289514,2628.598781185007,2630.359585175985,452
2025-01-01 08:15:00+00:00,2630.359585175985,2632.671887723311,2626.5473321756144,2628.888178879532,350
2025-01-01 08:30:00+00:00,2628.888178879532,2633.764366659838,2626.7446560077224,2631.5183014179897,865
2025-01-01 08:45:00+00:00,2631.5183014179897,2632.9870236482466,2627.98411976494,2630.0257389009553,569
2025-01-01 09:00:00+00:00,2630.0257389009553,2630.791971864049,2629.4097246132105,2630.2258412882543,219
2025-01-01 09:15:00+00:00,2630.2258412882543,2635.337847059982,2629.134204083885,2632.4305637640314,292
2025-01-01 09:30:00+00:00,2632.4305637640314,2634.7145647542225,2628.649174007339,2631.3929107418276,427
2025-01-01 09:45:00+00:00,2631.3929107418276,2632.4047573628995,2630.572385270516,2631.380436523502,175
2025-01-01 10:00:00+00:00,2631.380436523502,2634.1705574726357,2629.547377253691,2631.8435394387448,556
2025-01-01 10:15:00+00:00,2631.8435394387448,2633.3872816340777,2631.218418409406,2632.190573225143,495
2025-01-01 10:30:00+00:00,2632.190573225143,2633.863786707315,2626.8406211107695,2629.688627638456,683
2025-01-01 10:45:00+00:00,2629.688627638456,2632.685339441676,2628.7597189937655,2630.035619040142,747
2025-01-01 11:00:00+00:00,2630.035619040142,2634.8108528769453,2628.5105642823523,2633.1906726195716,221
2025-01-01 11:15:00+00:00,2633.1906726195716,2634.4106890516723,2628.0716674743016,2629.938620327225,800
2025-01-01 11:30:00+00:00,2629.938620327225,2633.2305561668254,2627.641991074897,2631.9668283877904,839
2025-01-01 11:45:00+00:00,2631.9668283877904,2633.045304414002,2629.1231974706284,2632.3527612473654,115
2025-01-01 12:00:00+00:00,2632.3527612473654,2633.4015251964597,2628.7096593620886,2631.0505675492027,784
2025-01-01 12:15:00+00:00,2631.0505675492027,2636.723888851976,2629.682146621844,2635.5461232787143,947
2025-01-01 12:30:00+00:00,2635.5461232787143,2638.2356776619104,2634.857774252076,2637.3032548802066,453
2025-01-01 12:45:00+00:00,2637.3032548802066,2637.960919166707,2632.4619222386045,2634.7304350053537,322
2025-01-01 13:00:00+00:00,2634.7304350053537,2636.609861240531,2631.7991592069066,2634.9453883331003,595
2025-01-01 13:15:00+00:00,2634.9453883331003,2637.2864736398324,2634.4028482155713,2636.250483312088,362
2025-01-01 13:30:00+00:00,2636.250483312088,2638.597409589799,2633.4201721123827,2635.856871107473,288
2025-01-01 13:45:00+00:00,2635.856871107473,2640.172614429714,2634.916516337589,2637.3662950227067,849
2025-01-01 14:00:00+00:00,2637.3662950227067,2638.5487567720156,2635.5624012032404,2637.2122853707247,640
2025-01-01 14:15:00+00:00,2637.2122853707247,2640.588492570852,2635.4056936828624,2638.6578718439105,904
2025-01-01 14:30:00+00:00,2638.6578718439105,2643.5524091843386,2636.6218062689345,2641.7855950222265,744
2025-01-01 14:45:00+00:00,2641.7855950222265,2642.473366369069,2637.273631347602,2640.2474734076854,762
2025-01-01 15:00:00+00:00,2640.2474734076854,2641.440303677507,2638.028968134526,2640.6281177215783,807
2025-01-01 15:15:00+00:00,2640.6281177215783,2643.3400663663297,2638.0470699963175,2639.5280385442243,399
2025-01-01 15:30:00+00:00,2639.5280385442243,2641.398130711273,2637.2404865612903,2639.712750616691,217
2025-01-01 15:45:00+00:00,2639.712750616691,2642.224275392456,2635.3244178544055,2636.991246072951,516
2025-01-01 16:00:00+00:00,2636.991246072951,2637.6576979348865,2634.0599973803655,2635.5927973537496,975
2025-01-01 16:15:00+00:00,2635.5927973537496,2637.5798301952004,2633.608840546413,2635.022973587787,851
2025-01-01 16:30:00+00:00,2635.022973587787,2639.5112467500376,2633.289458351205,2636.8479668643504,750
2025-01-01 16:45:00+00:00,2636.8479668643504,2641.8688629719272,2635.645011466979,2639.2011977300876,421
2025-01-01 17:00:00+00:00,2639.2011977300876,2639.715503803521,2635.0040935829493,2636.1093444385724,289
2025-01-01 17:15:00+00:00,2636.1093444385724,2637.91364469982,2633.2961848526224,2634.1673514919603,824
2025-01-01 17:30:00+00:00,2634.1673514919603,2636.805741736779,2632.5667899392542,2635.383229863575,495
2025-01-01 17:45:00+00:00,2635.383229863575,2637.7833349363223,2629.546083703409,2630.77923698419,803
2025-01-01 18:00:00+00:00,2630.77923698419,2631.462284476222,2626.9340600582755,2629.526413856936,289
2025-01-01 18:15:00+00:00,2629.526413856936,2630.688730262373,2626.4458086245522,2629.0655440104465,521
2025-01-01 18:30:00+00:00,2629.0655440104465,2634.1029576153114,2627.705852331597,2631.571350652006,818
2025-01-01 18:45:00+00:00,2631.571350652006,2634.4897277081022,2629.523495439952,2632.81583715176,906
2025-01-01 19:00:00+00:00,2632.81583715176,2634.4487129554896,2629.0556848838414,2631.811411963405,139
2025-01-01 19:15:00+00:00,2631.811411963405,2634.7328085835993,2629.305963206931,2630.7038680246897,446
2025-01-01 19:30:00+00:00,2630.7038680246897,2632.003594680499,2627.958092709429,2629.8448820328344,340
2025-01-01 19:45:00+00:00,2629.8448820328344,2633.48076847612,2628.2359854858455,2632.8764633295064,774
2025-01-01 20:00:00+00:00,2632.8764633295064,2634.3569654146545,2629.4775960844695,2631.6032591543103,801
2025-01-01 20:15:00+00:00,2631.6032591543103,2632.4866930582343,2627.6930905318186,2630.592517715248,675
2025-01-01 20:30:00+00:00,2630.592517715248,2631.719483126823,2629.745958496795,2631.0147534863286,770
2025-01-01 20:45:00+00:00,2631.0147534863286,2632.9344043782817,2627.471607933582,2630.3850712571966,398
2025-01-01 21:00:00+00:00,2630.3850712571966,2633.2690102973424,2627.4124949551256,2629.576828744972,152
2025-01-01 21:15:00+00:00,2629.576828744972,2631.525347680663,2624.252063042191,2626.7417393212377,578
2025-01-01 21:30:00+00:00,2626.7417393212377,2628.859525690131,2624.2348349215326,2626.3226394483854,119
2025-01-01 21:45:00+00:00,2626.3226394483854,2627.6317116024834,2622.2679260995205,2624.9437185891734,645
2025-01-01 22:00:00+00:00,2624.9437185891734,2629.0250041366394,2623.628121748083,2627.0971969942557,645
2025-01-01 22:15:00+00:00,2627.0971969942557,2630.493976053757,2624.8270778674914,2628.113364769653,583
2025-01-01 22:30:00+00:00,2628.113364769653,2630.0865769080324,2626.4710584289933,2627.631341008041,861
2025-01-01 22:45:00+00:00,2627.631341008041,2631.1718866042725,2625.8596979198496,2628.664940668804,199
2025-01-01 23:00:00+00:00,2628.664940668804,2630.541117369946,2625.269088710003,2627.4728148658473,465
2025-01-01 23:15:00+00:00,2627.4728148658473,2630.3312287688864,2626.4700041358747,2629.335868627709,992
2025-01-01 23:30:00+00:00,2629.335868627709,2631.292684263296,2628.21262403774,2628.8655225778216,329
2025-01-01 23:45:00+00:00,2628.8655225778216,2631.4113678019844,2626.388152297789,2629.6840281842074,969
2025-01-02 00:00:00+00:00,2629.6840281842074,2630.5988670153697,2623.850672695372,2626.3730384287073,102
2025-01-02 00:15:00+00:00,2626.3730384287073,2628.70691998911,2624.208876278395,2626.6590053612085,133
2025-01-02 00:30:00+00:00,2626.6590053612085,2629.2014067172972,2621.159332669152,2622.462911708928,291
2025-01-02 00:45:00+00:00,2622.462911708928,2623.3006309426223,2615.352788982052,2617.4982214959664,949
2025-01-02 01:00:00+00:00,2617.4982214959664,2619.3605861500614,2615.6271804260723,2616.3368813875472,679
2025-01-02 01:15:00+00:00,2616.3368813875472,2618.6710992195303,2611.705152348258,2613.8614264198472,578
2025-01-02 01:30:00+00:00,2613.8614264198472,2615.3689704103035,2611.7825132661087,2613.7230096414264,210
2025-01-02 01:45:00+00:00,2613.7230096414264,2619.3339457867214,2611.6799988322214,2618.158830183692,213
2025-01-02 02:00:00+00:00,2618.158830183692,2619.589531210367,2614.206033669194,2615.8234943353154,871
2025-01-02 02:15:00+00:00,2615.8234943353154,2617.677740632408,2612.8798896467306,2613.9427854442024,838
2025-01-02 02:30:00+00:00,2613.9427854442024,2616.1594363772347,2611.5698746888875,2613.8845676655474,153
2025-01-02 02:45:00+00:00,2613.8845676655474,2616.355371427095,2612.2242418971964,2614.457433372706,489
2025-01-02 03:00:00+00:00,2614.457433372706,2615.2249959601877,2611.19288733332,2613.5563371575454,591
2025-01-02 03:15:00+00:00,2613.5563371575454,2616.1010531406573,2611.1790167431573,2612.589466973967,741
2025-01-02 03:30:00+00:00,2612.589466973967,2616.4303101360974,2611.869993823614,2613.620660850543,108
2025-01-02 03:45:00+00:00,2613.620660850543,2615.003483712415,2611.764516861796,2614.2502516063105,844
2025-01-02 04:00:00+00:00,2614.2502516063105,2615.374050261531,2609.40549364207,2611.462397040506,573
2025-01-02 04:15:00+00:00,2611.462397040506,2612.396600011281,2607.9708453143057,2610.775288088476,584
2025-01-02 04:30:00+00:00,2610.775288088476,2613.398176000801,2607.621898600884,2610.341285462224,423
2025-01-02 04:45:00+00:00,2610.341285462224,2613.1169822712686,2606.8686067063304,2607.511479589922,144
2025-01-02 05:00:00+00:00,2607.511479589922,2608.1859805318177,2605.081878621745,2607.5752961461176,937
2025-01-02 05:15:00+00:00,2607.5752961461176,2608.906344681029,2604.0290801954443,2605.182487196012,840
2025-01-02 05:30:00+00:00,2605.182487196012,2607.7999030162778,2602.939491249696,2606.8186664836567,845
2025-01-02 05:45:00+00:00,2606.8186664836567,2608.49249825088,2605.294982399302,2606.7436873201555,724
2025-01-02 06:00:00+00:00,2606.7436873201555,2609.5476633883695,2605.139700163818,2606.44489605185,537
2025-01-02 06:15:00+00:00,2606.44489605185,2607.1203291559755,2602.9328177216894,2604.653527043698,919
2025-01-02 06:30:00+00:00,2604.653527043698,2605.581724826177,2602.0797106848277,2603.90603858053,197
2025-01-02 06:45:00+00:00,2603.90603858053,2605.6236117842336,2596.7931987113675,2599.029406820813,343
2025-01-02 07:00:00+00:00,2599.029406820813,2600.8394935577203,2593.9693618916813,2596.064070513538,503
2025-01-02 07:15:00+00:00,2596.064070513538,2598.755570191107,2593.8684317551065,2596.3918169836215,806
2025-01-02 07:30:00+00:00,2596.3918169836215,2597.9860320799903,2589.784399179952,2591.244591243869,400
2025-01-02 07:45:00+00:00,2591.244591243869,2593.502095520865,2589.0512402998343,2592.6492536422666,885
2025-01-02 08:00:00+00:00,2592.6492536422666,2594.033283321779,2586.9933723834033,2588.3568406976515,384
2025-01-02 08:15:00+00:00,2588.3568406976515,2592.533141289251,2586.3380075792675,2589.5779084935807,419
2025-01-02 08:30:00+00:00,2589.5779084935807,2591.954713859925,2585.6328317083794,2587.2816641260697,388
2025-01-02 08:45:00+00:00,2587.2816641260697,2589.358116577367,2585.374667715626,2588.56725564853,469
2025-01-02 09:00:00+00:00,2588.56725564853,2591.0877785956277,2587.8916255277513,2588.435470992359,833
2025-01-02 09:15:00+00:00,2588.435470992359,2589.712787152313,2582.8962450386725,2584.6432110947685,400
2025-01-02 09:30:00+00:00,2584.6432110947685,2589.4425964734683,2583.5932912323287,2586.98910526819,539
2025-01-02 09:45:00+00:00,2586.98910526819,2590.299749842256,2585.52457393191,2589.7679462192687,105
2025-01-02 10:00:00+00:00,2589.7679462192687,2592.4461216043105,2588.5554727324543,2589.239899644483,598
2025-01-02 10:15:00+00:00,2589.239899644483,2590.1456754539963,2586.121707169613,2588.2639599305103,308
2025-01-02 10:30:00+00:00,2588.2639599305103,2589.9033364196544,2584.8153811960383,2587.5491852900573,542
2025-01-02 10:45:00+00:00,2587.5491852900573,2589.7035742857843,2583.6648428279304,2585.051335825824,398
2025-01-02 11:00:00+00:00,2585.051335825824,2588.896226972222,2584.28866635834,2587.1265530516102,441
2025-01-02 11:15:00+00:00,2587.1265530516102,2588.040047470504,2583.550967277085,2585.6016367628545,197
2025-01-02 11:30:00+00:00,2585.6016367628545,2586.449433045876,2584.352262123167,2585.169853244389,514
2025-01-02 11:45:00+00:00,2585.169853244389,2586.3811892266986,2580.3880331921946,2583.11708650002,789
2025-01-02 12:00:00+00:00,2583.11708650002,2583.7480658925642,2580.6379699510153,2581.4441119918306,648
2025-01-02 12:15:00+00:00,2581.4441119918306,2582.485473909606,2576.9449690293295,2578.3496452387926,484
2025-01-02 12:30:00+00:00,2578.3496452387926,2581.6693625091452,2576.6129957644907,2580.844099968457,861
2025-01-02 12:45:00+00:00,2580.844099968457,2582.5060925047387,2579.4519224798905,2580.246604495035,611
2025-01-02 13:00:00+00:00,2580.246604495035,2583.5172100237132,2578.9497355232497,2582.1259352003567,652
2025-01-02 13:15:00+00:00,2582.1259352003567,2584.093015822108,2580.734361299603,2581.9225589693892,356
2025-01-02 13:30:00+00:00,2581.9225589693892,2583.12475613097,2577.8921262933213,2580.175377314352,717
2025-01-02 13:45:00+00:00,2580.175377314352,2580.7601549356605,2576.28486799428,2579.250551464841,424
2025-01-02 14:00:00+00:00,2579.250551464841,2580.578326868733,2576.4183753286607,2577.8254687411873,275
2025-01-02 14:15:00+00:00,2577.8254687411873,2580.2134205015113,2575.187306704793,2577.6641054047127,778
2025-01-02 14:30:00+00:00,2577.6641054047127,2578.8037008050055,2575.822639521211,2576.673492069741,619
2025-01-02 14:45:00+00:00,2576.673492069741,2578.184863153307,2573.912835396109,2575.862619780157,522
2025-01-02 15:00:00+00:00,2575.862619780157,2578.2500557313265,2571.1110329025137,2572.6928160269745,742
2025-01-02 15:15:00+00:00,2572.6928160269745,2574.2095192370853,2569.5745730006406,2570.7950323842524,636
2025-01-02 15:30:00+00:00,2570.7950323842524,2577.043363740561,2568.2407566160937,2574.325553410687,783
2025-01-02 15:45:00+00:00,2574.325553410687,2577.1207246755584,2570.3887858673597,2572.7548402633684,480
2025-01-02 16:00:00+00:00,2572.7548402633684,2574.0311643587997,2569.5213237631065,2570.3563160979247,999
2025-01-02 16:15:00+00:00,2570.3563160979247,2573.3733724766344,2569.1252981236466,2571.033463343913,601
2025-01-02 16:30:00+00:00,2571.033463343913,2575.2118841351194,2568.4847011400802,2574.0790916779406,523
2025-01-02 16:45:00+00:00,2574.0790916779406,2574.9279001042614,2567.863429975341,2570.8445090041487,907
2025-01-02 17:00:00+00:00,2570.8445090041487,2572.4392116074273,2568.3357899204802,2570.3647021910424,999
2025-01-02 17:15:00+00:00,2570.3647021910424,2572.3708832635443,2566.288568527513,2568.967815476457,340
2025-01-02 17:30:00+00:00,2568.967815476457,2571.8067927065845,2562.1413405773465,2565.101894388573,309
2025-01-02 17:45:00+00:00,2565.101894388573,2567.6064947609166,2562.7505307293245,2566.741740963335,567
2025-01-02 18:00:00+00:00,2566.741740963335,2569.022647651651,2564.6160089331524,2566.7278394350533,164
2025-01-02 18:15:00+00:00,2566.7278394350533,2568.6259843722705,2565.6747417129254,2566.9373231100967,718
2025-01-02 18:30:00+00:00,2566.9373231100967,2567.7665963541435,2563.9230817581924,2565.34914331292,710
2025-01-02 18:45:00+00:00,2565.34914331292,2569.362758243598,2563.29025665664,2566.4311131253485,178
2025-01-02 19:00:00+00:00,2566.4311131253485,2568.6705354964915,2562.5245730604365,2565.340576341034,342
2025-01-02 19:15:00+00:00,2565.340576341034,2566.1627230304434,2563.881883270341,2565.1365011030425,965
2025-01-02 19:30:00+00:00,2565.1365011030425,2567.9008896495993,2561.3349209108146,2562.8229435727476,262
2025-01-02 19:45:00+00:00,2562.8229435727476,2563.580678974128,2559.730744172677,2560.2863363839965,548
2025-01-02 20:00:00+00:00,2560.2863363839965,2564.1090627934873,2558.044518938165,2563.3774147067375,712
2025-01-02 20:15:00+00:00,2563.3774147067375,2564.7062921955985,2560.8197315597727,2562.4286571406446,320
2025-01-02 20:30:00+00:00,2562.4286571406446,2566.0959529384186,2559.934327466628,2563.251055037916,404
2025-01-02 20:45:00+00:00,2563.251055037916,2563.9536592267327,2562.1669175847355,2563.371098023035,784
2025-01-02 21:00:00+00:00,2563.371098023035,2566.1666161257353,2560.459367351809,2562.6084826785423,482
2025-01-02 21:15:00+00:00,2562.6084826785423,2564.6375116252802,2559.529493537426,2561.7122250992716,834
2025-01-02 21:30:00+00:00,2561.7122250992716,2564.0004642998024,2560.051414764882,2563.332835204502,153
2025-01-02 21:45:00+00:00,2563.332835204502,2565.254314518073,2561.944620997214,2562.9161353700474,667
2025-01-02 22:00:00+00:00,2562.9161353700474,2564.563112176343,2561.3358990253764,2562.8431467783544,406
2025-01-02 22:15:00+00:00,2562.8431467783544,2565.074749165943,2560.4805395073645,2563.164787793773,924
2025-01-02 22:30:00+00:00,2563.164787793773,2568.381212055079,2562.191823768802,2566.0382032023795,495
2025-01-02 22:45:00+00:00,2566.0382032023795,2570.029082991549,2565.3131006719486,2567.8325352485886,180
2025-01-02 23:00:00+00:00,2567.8325352485886,2571.9764008055454,2566.1755791578034,2568.9833319353775,852
2025-01-02 23:15:00+00:00,2568.9833319353775,2569.875004594462,2566.9778634584054,2568.0641668737053,574
2025-01-02 23:30:00+00:00,2568.0641668737053,2570.596305420587,2562.8545041138805,2565.3558818277297,153
2025-01-02 23:45:00+00:00,2565.3558818277297,2569.315709377549,2562.812766745184,2567.7879769102874,768
2025-01-03 00:00:00+00:00,2567.7879769102874,2572.726361649224,2564.9247759344216,2570.268092846573,625
2025-01-03 00:15:00+00:00,2570.268092846573,2573.0524286476234,2567.668686926668,2570.322980713136,925
2025-01-03 00:30:00+00:00,2570.322980713136,2574.8697835959047,2568.20437112751,2571.889788125952,732
2025-01-03 00:45:00+00:00,2571.889788125952,2575.1586412083407,2570.9221582971463,2573.993536595931,677
2025-01-03 01:00:00+00:00,2573.993536595931,2577.8486586945637,2571.436020389575,2576.216313016968,299
2025-01-03 01:15:00+00:00,2576.216313016968,2581.5037505908845,2573.896077085986,2578.646802406976,642
2025-01-03 01:30:00+00:00,2578.646802406976,2581.5111483568744,2575.689668662113,2578.0568351270153,253
2025-01-03 01:45:00+00:00,2578.0568351270153,2583.2429610269173,2575.8132508101735,2581.8107764197352,449
2025-01-03 02:00:00+00:00,2581.8107764197352,2584.661300055946,2576.9224799553044,2579.49753795104,489
2025-01-03 02:15:00+00:00,2579.49753795104,2583.345237999234,2578.2529293543053,2581.8305101110373,614
2025-01-03 02:30:00+00:00,2581.8305101110373,2584.798815595541,2579.6493833907293,2583.3619003481026,288
2025-01-03 02:45:00+00:00,2583.3619003481026,2588.1273457937336,2581.568652589639,2585.735797305551,599
2025-01-03 03:00:00+00:00,2585.735797305551,2592.0064064068492,2584.391187759271,2590.3283768319966,392
2025-01-03 03:15:00+00:00,2590.3283768319966,2595.6798661343464,2589.0112783185355,2594.059369993896,914
2025-01-03 03:30:00+00:00,2594.059369993896,2595.5246674780915,2591.1225961697023,2592.0112660482,991
2025-01-03 03:45:00+00:00,2592.0112660482,2593.593275877969,2587.044322933271,2588.7731612549037,844
2025-01-03 04:00:00+00:00,2588.7731612549037,2591.9021320783445,2587.3513675096583,2591.0525879623183,311
2025-01-03 04:15:00+00:00,2591.0525879623183,2591.70518083095,2587.752945054355,2589.3067358554404,763
2025-01-03 04:30:00+00:00,2589.3067358554404,2592.156108833738,2586.6775660792996,2589.7711259720245,983
2025-01-03 04:45:00+00:00,2589.7711259720245,2594.0255636848224,2587.567345788892,2592.11431381087,931
2025-01-03 05:00:00+00:00,2592.11431381087,2594.2940404307656,2586.7968270168753,2588.997447748652,885
2025-01-03 05:15:00+00:00,2588.997447748652,2591.503286379009,2581.8981567447927,2584.8582718628595,159
2025-01-03 05:30:00+00:00,2584.8582718628595,2587.0096588251727,2583.8137084954797,2585.934393418945,235
2025-01-03 05:45:00+00:00,2585.934393418945,2587.6246082470825,2584.164654847146,2586.54017592647,792
2025-01-03 06:00:00+00:00,2586.54017592647,2587.734947508674,2585.77830107855,2586.5095977841565,376
2025-01-03 06:15:00+00:00,2586.5095977841565,2588.3660139692374,2585.0276196911086,2587.106201491358,517
2025-01-03 06:30:00+00:00,2587.106201491358,2589.5079287859794,2582.8502362916324,2585.7261152045153,534
2025-01-03 06:45:00+00:00,2585.7261152045153,2587.161569170128,2582.1954768410533,2582.9102775940964,776
2025-01-03 07:00:00+00:00,2582.9102775940964,2584.365841760229,2580.5159706480285,2583.05786960303,767
2025-01-03 07:15:00+00:00,2583.05786960303,2585.1486235278953,2578.7707206139917,2581.434306005659,366
2025-01-03 07:30:00+00:00,2581.434306005659,2582.400732259084,2576.560020277299,2578.332385738465,812
2025-01-03 07:45:00+00:00,2578.332385738465,2580.723796882073,2575.838359020895,2579.957746506858,520
2025-01-03 08:00:00+00:00,2579.957746506858,2582.577070165644,2578.3551323965316,2580.334237070162,625
2025-01-03 08:15:00+00:00,2580.334237070162,2584.129568283344,2578.9508511617373,2581.73845495334,842
2025-01-03 08:30:00+00:00,2581.73845495334,2582.9793664606823,2578.3054055029193,2580.069732561607,356
2025-01-03 08:45:00+00:00,2580.069732561607,2582.1598355037368,2578.1403284182347,2579.127186633388,131
2025-01-03 09:00:00+00:00,2579.127186633388,2579.7123780531197,2576.1628041306876,2577.4315199551725,689
2025-01-03 09:15:00+00:00,2577.4315199551725,2578.9423174066214,2574.716329941175,2575.979770443025,362
2025-01-03 09:30:00+00:00,2575.979770443025,2578.8496537712335,2573.008748685621,2576.904757864094,333
2025-01-03 09:45:00+00:00,2576.904757864094,2578.0383041817513,2574.335219251978,2575.673126989208,539
2025-01-03 10:00:00+00:00,2575.673126989208,2578.3133459211826,2574.6009554523544,2576.9428086664193,889
2025-01-03 10:15:00+00:00,2576.9428086664193,2580.195507032585,2574.0933908718575,2578.1716331230577,866
2025-01-03 10:30:00+00:00,2578.1716331230577,2585.077725983499,2577.3251773019933,2583.1029813724563,757
2025-01-03 10:45:00+00:00,2583.1029813724563,2583.9884582161217,2577.594580534141,2580.509083667193,343
2025-01-03 11:00:00+00:00,2580.509083667193,2585.193022085184,2577.8758052175267,2582.926567369653,950
2025-01-03 11:15:00+00:00,2582.926567369653,2583.8873469596206,2580.80892094009,2583.1872737701783,840
2025-01-03 11:30:00+00:00,2583.1872737701783,2586.5314079021623,2581.6177539885734,2583.6070962168105,133
2025-01-03 11:45:00+00:00,2583.6070962168105,2584.6130011122445,2579.867722960352,2580.860823714352,320
2025-01-03 12:00:00+00:00,2580.860823714352,2581.9946940710247,2579.518695468017,2580.2842033275706,209
2025-01-03 12:15:00+00:00,2580.2842033275706,2583.3478170338126,2579.5250149455137,2582.3470656680356,372
2025-01-03 12:30:00+00:00,2582.3470656680356,2585.5638621450976,2580.9742108800033,2582.5851147462786,709
2025-01-03 12:45:00+00:00,2582.5851147462786,2584.390753867913,2581.067243792044,2583.17426656675,598
2025-01-03 13:00:00+00:00,2583.17426656675,2585.1874972529718,2580.127242017192,2582.936517433466,231
2025-01-03 13:15:00+00:00,2582.936517433466,2588.845651180266,2581.0959489105717,2585.869065799157,688
2025-01-03 13:30:00+00:00,2585.869065799157,2589.0798376894486,2582.8924888333695,2586.2046680500434,635
2025-01-03 13:45:00+00:00,2586.2046680500434,2586.8105426226857,2579.4344095470874,2581.7366299422865,892
2025-01-03 14:00:00+00:00,2581.7366299422865,2583.5395901143497,2579.710940389664,2580.5766768080994,379
2025-01-03 14:15:00+00:00,2580.5766768080994,2582.57993849899,2574.713446570911,2576.597364869381,891
2025-01-03 14:30:00+00:00,2576.597364869381,2578.853352523285,2568.8869614013934,2569.785387711619,691
2025-01-03 14:45:00+00:00,2569.785387711619,2571.1251609990836,2568.3511831091055,2568.949189556577,325
2025-01-03 15:00:00+00:00,2568.949189556577,2573.5214472098883,2566.089721635389,2572.2016756845615,390
2025-01-03 15:15:00+00:00,2572.2016756845615,2573.1230427097366,2570.857040657168,2572.612332670715,771
2025-01-03 15:30:00+00:00,2572.612332670715,2573.20042442378,2569.3538484396013,2570.327813452359,722
2025-01-03 15:45:00+00:00,2570.327813452359,2572.2029563736564,2567.7867232387844,2568.541202359177,671
2025-01-03 16:00:00+00:00,2568.541202359177,2571.988814168273,2566.410850527777,2571.299096415095,462
2025-01-03 16:15:00+00:00,2571.299096415095,2572.910018459371,2569.646223823295,2571.903815430447,447
2025-01-03 16:30:00+00:00,2571.903815430447,2573.587718941514,2571.37462559091,2572.254539150963,603
2025-01-03 16:45:00+00:00,2572.254539150963,2573.045211607297,2569.966585816654,2572.3690334610565,798
2025-01-03 17:00:00+00:00,2572.3690334610565,2573.2495692735806,2571.2273352403777,2572.672419673611,327
2025-01-03 17:15:00+00:00,2572.672419673611,2577.4671355628248,2570.2210246975833,2574.6498344392917,907
2025-01-03 17:30:00+00:00,2574.6498344392917,2577.6454753531707,2572.9283200073696,2576.057453779224,279
2025-01-03 17:45:00+00:00,2576.057453779224,2577.722478799378,2574.218501249826,2576.7102676477775,531
2025-01-03 18:00:00+00:00,2576.7102676477775,2578.9813971511503,2572.937372755437,2574.580367520982,378
2025-01-03 18:15:00+00:00,2574.580367520982,2576.378842944956,2572.39041274301,2575.85522959176,924
2025-01-03 18:30:00+00:00,2575.85522959176,2576.967772710874,2571.511085617674,2574.486198550469,258
2025-01-03 18:45:00+00:00,2574.486198550469,2579.9166241397315,2571.99151697932,2577.014750042093,214
2025-01-03 19:00:00+00:00,2577.014750042093,2579.7589754744054,2573.653453408797,2574.3262080539466,715
2025-01-03 19:15:00+00:00,2574.3262080539466,2576.4160211799594,2572.379797035645,2574.116802571412,249
2025-01-03 19:30:00+00:00,2574.116802571412,2574.912496573287,2573.031083511714,2574.1794896448646,989
2025-01-03 19:45:00+00:00,2574.1794896448646,2575.4746167580242,2570.5735976290553,2571.3295949911403,787
2025-01-03 20:00:00+00:00,2571.3295949911403,2575.7374872880237,2570.3416561427593,2575.1676559126295,893
2025-01-03 20:15:00+00:00,2575.1676559126295,2579.4636087764356,2574.047370094261,2578.4156312652244,374
2025-01-03 20:30:00+00:00,2578.4156312652244,2578.979216574182,2574.516836047809,2577.416155978763,771
2025-01-03 20:45:00+00:00,2577.416155978763,2579.93507259469,2575.0539942351197,2579.119663397271,626
2025-01-03 21:00:00+00:00,2579.119663397271,2582.0268151531586,2576.4872403075224,2579.9437788002324,481
2025-01-03 21:15:00+00:00,2579.9437788002324,2580.6948859108775,2571.9232346738877,2574.1702905495235,547
2025-01-03 21:30:00+00:00,2574.1702905495235,2575.5722502731933,2572.881155235559,2574.6828425838235,115
2025-01-03 21:45:00+00:00,2574.6828425838235,2577.4398625414187,2573.0171633846085,2574.494927118962,231
2025-01-03 22:00:00+00:00,2574.494927118962,2575.9490862069674,2572.893223384059,2574.6104551481408,211
2025-01-03 22:15:00+00:00,2574.6104551481408,2575.942947459465,2570.925725122457,2572.1592436560445,778
2025-01-03 22:30:00+00:00,2572.1592436560445,2572.8755923320446,2569.9165176268307,2571.4701239708397,342
2025-01-03 22:45:00+00:00,2571.4701239708397,2573.959950275708,2568.5390407908635,2570.967007808847,767
2025-01-03 23:00:00+00:00,2570.967007808847,2575.646511168996,2570.277749242293,2573.4555680678545,739
2025-01-03 23:15:00+00:00,2573.4555680678545,2575.9196946819557,2572.264131015995,2574.051862681055,230
2025-01-03 23:30:00+00:00,2574.051862681055,2576.096644785766,2572.1885475599634,2573.8861126189945,392
2025-01-03 23:45:00+00:00,2573.8861126189945,2577.833310595106,2571.695550821679,2577.082358864096,333
2025-01-04 00:00:00+00:00,2577.082358864096,2578.233124031171,2573.564682588287,2575.6795036290173,202
2025-01-04 00:15:00+00:00,2575.6795036290173,2577.6386074186817,2572.315309206926,2574.627773127321,820
2025-01-04 00:30:00+00:00,2574.627773127321,2577.508352973378,2569.659258131039,2570.4224133896796,435
2025-01-04 00:45:00+00:00,2570.4224133896796,2576.195432703731,2569.470531161239,2573.652602848535,921
2025-01-04 01:00:00+00:00,2573.652602848535,2577.640942946184,2572.380152231992,2575.539127049658,859
2025-01-04 01:15:00+00:00,2575.539127049658,2579.1052604092083,2574.3349077865064,2577.308213962149,883
2025-01-04 01:30:00+00:00,2577.308213962149,2579.056872842102,2574.9192364815112,2578.519042400258,766
2025-01-04 01:45:00+00:00,2578.519042400258,2581.2458330691215,2575.50477014063,2578.488064631553,551
2025-01-04 02:00:00+00:00,2578.488064631553,2579.3436374478433,2576.2802780281463,2578.676502209367,482
2025-01-04 02:15:00+00:00,2578.676502209367,2579.4992048366116,2577.241733219422,2577.8243493536584,430
2025-01-04 02:30:00+00:00,2577.8243493536584,2580.0570286997545,2575.822846871399,2577.0668328264,664
2025-01-04 02:45:00+00:00,2577.0668328264,2579.5971927787646,2574.357532537638,2576.8651006618575,500
2025-01-04 03:00:00+00:00,2576.8651006618575,2582.3249598033444,2574.0542504699188,2579.8585831436753,872
2025-01-04 03:15:00+00:00,2579.8585831436753,2582.3684934962234,2577.8713026172686,2580.7374831954735,258
2025-01-04 03:30:00+00:00,2580.7374831954735,2581.680122639641,2578.882410820934,2580.254467179666,428
2025-01-04 03:45:00+00:00,2580.254467179666,2580.8427227211155,2577.227103990985,2578.614899812088,546
2025-01-04 04:00:00+00:00,2578.614899812088,2581.24334883755,2574.759196780765,2576.842795026968,353
2025-01-04 04:15:00+00:00,2576.842795026968,2582.927984530099,2574.1823184554605,2579.9837408723943,307
2025-01-04 04:30:00+00:00,2579.9837408723943,2581.8142037267257,2578.631662458642,2580.703864964766,605
2025-01-04 04:45:00+00:00,2580.703864964766,2583.369055783789,2579.4718822864374,2580.448627509068,245
2025-01-04 05:00:00+00:00,2580.448627509068,2581.9549548014743,2578.7672714520863,2579.274247715267,803
2025-01-04 05:15:00+00:00,2579.274247715267,2580.552607115205,2575.5692792328496,2576.4129563515085,442
2025-01-04 05:30:00+00:00,2576.4129563515085,2578.1758421943046,2573.2082672348984,2575.8362369053657,775
2025-01-04 05:45:00+00:00,2575.8362369053657,2577.8411815437307,2573.7747752294267,2577.320761089427,157
2025-01-04 06:00:00+00:00,2577.320761089427,2578.927547262449,2573.0355200813783,2576.0121133202856,809
2025-01-04 06:15:00+00:00,2576.0121133202856,2577.0110007417425,2574.3862802945046,2575.059934771587,523
2025-01-04 06:30:00+00:00,2575.059934771587,2577.3410777555373,2572.6995635923518,2574.1146044466936,866
2025-01-04 06:45:00+00:00,2574.1146044466936,2575.871032895933,2571.40094908195,2573.890222132013,726
2025-01-04 07:00:00+00:00,2573.890222132013,2576.562353706843,2567.761037155978,2569.914053067873,823
2025-01-04 07:15:00+00:00,2569.914053067873,2572.6556735450913,2568.2522844474624,2568.918961264643,686
2025-01-04 07:30:00+00:00,2568.918961264643,2570.210858589018,2565.0531949363244,2566.5567949349042,198
2025-01-04 07:45:00+00:00,2566.5567949349042,2569.2164584177403,2564.462713405593,2568.0154989034977,977
2025-01-04 08:00:00+00:00,2568.0154989034977,2570.863324862862,2563.6089236647804,2565.8283096354576,452
2025-01-04 08:15:00+00:00,2565.8283096354576,2568.3618466226044,2564.1990815710683,2566.601852724365,897
2025-01-04 08:30:00+00:00,2566.601852724365,2570.197261443029,2565.631433762821,2569.455972627219,558
2025-01-04 08:45:00+00:00,2569.455972627219,2570.070685454824,2565.348325246924,2568.2631434649397,670
2025-01-04 09:00:00+00:00,2568.2631434649397,2571.239207275345,2564.767641759694,2566.4338939453733,263
2025-01-04 09:15:00+00:00,2566.4338939453733,2568.3818030179427,2564.0534529458137,2566.3468116281074,907
2025-01-04 09:30:00+00:00,2566.3468116281074,2566.983044061092,2563.9950094611418,2565.8320778136685,812
2025-01-04 09:45:00+00:00,2565.8320778136685,2567.610216434596,2562.432498849163,2563.1342317480326,500
2025-01-04 10:00:00+00:00,2563.1342317480326,2565.395423311847,2562.042499240013,2563.6351620543687,477
2025-01-04 10:15:00+00:00,2563.6351620543687,2569.1438910840225,2562.977598659238,2567.555421479489,818
2025-01-04 10:30:00+00:00,2567.555421479489,2570.4336224757612,2565.496391097151,2566.4733351750756,248
2025-01-04 10:45:00+00:00,2566.4733351750756,2569.3452652519104,2564.512356446285,2565.5128233657306,356
2025-01-04 11:00:00+00:00,2565.5128233657306,2566.325242561415,2561.1631130570613,2562.7002641863346,226
2025-01-04 11:15:00+00:00,2562.7002641863346,2563.768746583748,2561.3960203386578,2562.8894448284964,574
2025-01-04 11:30:00+00:00,2562.8894448284964,2564.4081663429474,2558.228213626341,2559.634596553743,435
2025-01-04 11:45:00+00:00,2559.634596553743,2562.219662731676,2554.1473606919467,2556.689578614016,981
2025-01-04 12:00:00+00:00,2556.689578614016,2561.0566054182063,2556.1361787642363,2558.997223930373,904
2025-01-04 12:15:00+00:00,2558.997223930373,2561.321799250122,2555.741677229004,2556.500165880133,638
2025-01-04 12:30:00+00:00,2556.500165880133,2560.3172107980554,2553.9806583492723,2558.3770648421255,788
2025-01-04 12:45:00+00:00,2558.3770648421255,2562.2570905695584,2556.542152104054,2561.231948228569,556
2025-01-04 13:00:00+00:00,2561.231948228569,2563.8519663315415,2559.634724631411,2561.3075527595893,482
2025-01-04 13:15:00+00:00,2561.3075527595893,2562.5693471557197,2560.139259573775,2562.0342947005643,808
2025-01-04 13:30:00+00:00,2562.0342947005643,2568.089333366056,2560.178494229282,2565.843122721317,424
2025-01-04 13:45:00+00:00,2565.843122721317,2566.8289717607076,2563.875279456988,2564.9291880803216,381
2025-01-04 14:00:00+00:00,2564.9291880803216,2566.606916779906,2560.5029260233127,2563.148827803733,227
2025-01-04 14:15:00+00:00,2563.148827803733,2566.0866608172632,2557.1416456713755,2559.7017449099335,847
2025-01-04 14:30:00+00:00,2559.7017449099335,2561.5493345537216,2558.0250553265714,2559.3296825340562,813
2025-01-04 14:45:00+00:00,2559.3296825340562,2562.7688890980144,2558.768433185923,2562.126517045217,116
2025-01-04 15:00:00+00:00,2562.126517045217,2565.3592021724967,2559.407347657891,2563.7872525978705,858
2025-01-04 15:15:00+00:00,2563.7872525978705,2565.9379203624503,2560.0248741855407,2561.2715536742226,314
2025-01-04 15:30:00+00:00,2561.2715536742226,2561.9133204052273,2556.8120783917498,2558.9542674193667,899
2025-01-04 15:45:00+00:00,2558.9542674193667,2560.0859017356197,2554.772234727418,2557.417623540201,259
2025-01-04 16:00:00+00:00,2557.417623540201,2558.1873286567575,2554.9217187715053,2557.6414883119423,242
2025-01-04 16:15:00+00:00,2557.6414883119423,2559.491658940092,2554.1231098749286,2556.7793624470232,331
2025-01-04 16:30:00+00:00,2556.7793624470232,2558.3034336649725,2555.0565263128797,2556.8497397170254,940
2025-01-04 16:45:00+00:00,2556.8497397170254,2558.8697169643806,2554.244007542925,2557.1104919227273,950
2025-01-04 17:00:00+00:00,2557.1104919227273,2558.3500839623343,2554.417892479588,2556.0707826289945,694
2025-01-04 17:15:00+00:00,2556.0707826289945,2558.212800163379,2554.450427417059,2555.6099717254588,121
2025-01-04 17:30:00+00:00,2555.6099717254588,2556.635045285275,2553.907555412802,2555.702329896721,655
2025-01-04 17:45:00+00:00,2555.702329896721,2558.468959956477,2553.8275450892875,2555.166030272241,368
2025-01-04 18:00:00+00:00,2555.166030272241,2558.833279291587,2552.748163221364,2555.9330756537825,757
2025-01-04 18:15:00+00:00,2555.9330756537825,2561.4519298359673,2553.3538035298334,2559.7194456928755,616
2025-01-04 18:30:00+00:00,2559.7194456928755,2562.3671162387172,2558.866527418726,2560.7036409239054,887
2025-01-04 18:45:00+00:00,2560.7036409239054,2563.352682688493,2559.6088858859703,2560.519952888855,732
2025-01-04 19:00:00+00:00,2560.519952888855,2561.7445473827993,2555.0567901263735,2556.5159434022103,383
2025-01-04 19:15:00+00:00,2556.5159434022103,2559.594827830523,2554.857727472038,2557.087063629506,796
2025-01-04 19:30:00+00:00,2557.087063629506,2558.305332652608,2549.6435756635487,2552.5343794179726,316
2025-01-04 19:45:00+00:00,2552.5343794179726,2554.8342914042823,2546.322896516509,2549.1771267654767,444
2025-01-04 20:00:00+00:00,2549.1771267654767,2552.147807945134,2546.2595253258155,2550.8127795905693,312
2025-01-04 20:15:00+00:00,2550.8127795905693,2554.141471125243,2548.488391009582,2552.134966947101,298
2025-01-04 20:30:00+00:00,2552.134966947101,2554.9496375628223,2549.393716229374,2551.586784120575,462
2025-01-04 20:45:00+00:00,2551.586784120575,2552.222596084039,2546.4438557278213,2547.6198336083526,867
2025-01-04 21:00:00+00:00,2547.6198336083526,2550.1379701774595,2545.1798624857497,2546.611499019192,500
2025-01-04 21:15:00+00:00,2546.611499019192,2548.4661129418987,2544.433913035345,2544.94062130183,209
2025-01-04 21:30:00+00:00,2544.94062130183,2547.6255460500497,2542.358233221274,2546.1778769740763,775
2025-01-04 21:45:00+00:00,2546.1778769740763,2552.3707719673025,2544.987664291021,2550.9950833244907,158
2025-01-04 22:00:00+00:00,2550.9950833244907,2552.0101750615822,2550.296880606194,2551.3366450034437,605
2025-01-04 22:15:00+00:00,2551.3366450034437,2552.4825917470703,2548.211723450818,2549.5007013096583,308
2025-01-04 22:30:00+00:00,2549.5007013096583,2551.5585438716466,2545.5104290904683,2546.818354056941,913
2025-01-04 22:45:00+00:00,2546.818354056941,2547.5623289554565,2544.2922614400172,2546.6022255295497,543
2025-01-04 23:00:00+00:00,2546.6022255295497,2548.775743880468,2545.6207811711297,2546.1350478560207,472
2025-01-04 23:15:00+00:00,2546.1350478560207,2549.040681203864,2542.462991618811,2543.5380253782046,947
2025-01-04 23:30:00+00:00,2543.5380253782046,2546.696871130089,2540.7968521958883,2543.744930871219,512
2025-01-04 23:45:00+00:00,2543.744930871219,2546.4680339148053,2538.541299160933,2541.1784894595107,755
2025-01-05 00:00:00+00:00,2541.1784894595107,2546.121893394394,2539.1059111923946,2543.6053662587447,492
2025-01-05 00:15:00+00:00,2543.6053662587447,2546.883010266016,2541.707991524007,2545.9381269880223,607
2025-01-05 00:30:00+00:00,2545.9381269880223,2551.2595917865724,2544.8815831608945,2548.3342019023185,547
2025-01-05 00:45:00+00:00,2548.3342019023185,2549.3410099088915,2544.6278541793854,2547.3155978774585,569
2025-01-05 01:00:00+00:00,2547.3155978774585,2551.159139558882,2544.9137941694466,2548.4865151659633,492
2025-01-05 01:15:00+00:00,2548.4865151659633,2551.181199336658,2546.4672358853936,2548.24956753066,724
2025-01-05 01:30:00+00:00,2548.24956753066,2550.304338320505,2546.559829995034,2547.462375742294,527
2025-01-05 01:45:00+00:00,2547.462375742294,2549.2656425730224,2545.759385833074,2546.7989838484477,663
2025-01-05 02:00:00+00:00,2546.7989838484477,2547.800046814287,2542.588571265585,2544.0368050758684,753
2025-01-05 02:15:00+00:00,2544.0368050758684,2545.8354760023776,2539.64407515048,2540.9718867119045,402
2025-01-05 02:30:00+00:00,2540.9718867119045,2544.071806615078,2540.3192465824673,2542.8452568767857,253
2025-01-05 02:45:00+00:00,2542.8452568767857,2543.659958648824,2541.0486688070137,2542.5646097208114,183
2025-01-05 03:00:00+00:00,2542.5646097208114,2544.015371848312,2540.942816532319,2543.1948938979576,638
2025-01-05 03:15:00+00:00,2543.1948938979576,2548.069686609274,2541.9771942915654,2545.5667592014697,280
2025-01-05 03:30:00+00:00,2545.5667592014697,2548.3727676515186,2540.475028650546,2541.93578588844,422
2025-01-05 03:45:00+00:00,2541.93578588844,2542.7904578624834,2539.0753408759715,2540.4062851346125,804
2025-01-05 04:00:00+00:00,2540.4062851346125,2541.534267382306,2538.964196022991,2541.0011147806676,515
2025-01-05 04:15:00+00:00,2541.0011147806676,2543.2452349690834,2538.9535373482204,2542.086153207085,671
2025-01-05 04:30:00+00:00,2542.086153207085,2542.92225068522,2539.7488479164585,2541.4921746542013,233
2025-01-05 04:45:00+00:00,2541.4921746542013,2544.976483562686,2540.4982010606686,2544.0049172449853,817
2025-01-05 05:00:00+00:00,2544.0049172449853,2546.6874117958923,2541.516768104522,2544.7290945473565,634
2025-01-05 05:15:00+00:00,2544.7290945473565,2546.2848298546655,2540.550542885254,2542.333509138479,140
2025-01-05 05:30:00+00:00,2542.333509138479,2543.906581876327,2538.9260955457644,2540.5720074473047,522
2025-01-05 05:45:00+00:00,2540.5720074473047,2543.6563437556983,2538.2886506292716,2542.642312116555,910
2025-01-05 06:00:00+00:00,2542.642312116555,2546.134327857289,2540.2619672316296,2543.972855909283,525
2025-01-05 06:15:00+00:00,2543.972855909283,2545.196631456728,2537.493980136472,2540.116628886812,444
2025-01-05 06:30:00+00:00,2540.116628886812,2544.9125013692374,2537.5885122815403,2543.4146341728024,125
2025-01-05 06:45:00+00:00,2543.4146341728024,2546.7329256243647,2541.2420960978648,2545.074390523413,933
2025-01-05 07:00:00+00:00,2545.074390523413,2551.1456809526344,2542.7715671639444,2548.3846197669545,302
2025-01-05 07:15:00+00:00,2548.3846197669545,2549.500509018274,2547.0130234393378,2547.9058406137015,635
2025-01-05 07:30:00+00:00,2547.9058406137015,2550.2025056798752,2545.3827065936475,2547.630839591339,483
2025-01-05 07:45:00+00:00,2547.630839591339,2548.9042614004225,2544.401925455915,2545.5380699961624,592
2025-01-05 08:00:00+00:00,2545.5380699961624,2554.250385531066,2544.3934806161706,2551.5143197482153,208
2025-01-05 08:15:00+00:00,2551.5143197482153,2553.017770158192,2550.7139903452016,2551.5325714256887,836
2025-01-05 08:30:00+00:00,2551.5325714256887,2557.2012160614895,2550.040298859968,2555.4383117188986,245
2025-01-05 08:45:00+00:00,2555.4383117188986,2558.1313498927975,2553.886320435987,2554.436014637275,662
2025-01-05 09:00:00+00:00,2554.436014637275,2557.4083485999085,2552.29356579838,2555.2264463533534,330
2025-01-05 09:15:00+00:00,2555.2264463533534,2555.96234345622,2549.6170790920687,2551.9873357762635,707
2025-01-05 09:30:00+00:00,2551.9873357762635,2552.829425421159,2549.1515454582195,2551.590419326346,184
2025-01-05 09:45:00+00:00,2551.590419326346,2557.1840653117383,2550.768264355661,2554.207234226217,241
2025-01-05 10:00:00+00:00,2554.207234226217,2554.7799974061572,2549.8100287986663,2551.912745350578,912
2025-01-05 10:15:00+00:00,2551.912745350578,2555.9895917413933,2549.317012258222,2554.737411933234,644
2025-01-05 10:30:00+00:00,2554.737411933234,2558.8483753067053,2554.1474878337403,2555.9511393858097,831
2025-01-05 10:45:00+00:00,2555.9511393858097,2556.4889044798715,2553.148482947591,2554.1319047623306,420
2025-01-05 11:00:00+00:00,2554.1319047623306,2555.0353994637476,2552.3416720851474,2553.511111595818,786
2025-01-05 11:15:00+00:00,2553.511111595818,2554.5445223176966,2551.3337958797747,2552.988757325813,168
2025-01-05 11:30:00+00:00,2552.988757325813,2554.0878533096698,2552.058344361411,2553.3718763834545,745
2025-01-05 11:45:00+00:00,2553.3718763834545,2555.0517797889056,2550.841311253228,2552.6884909862474,219
2025-01-05 12:00:00+00:00,2552.6884909862474,2554.66958580385,2550.008374324334,2551.3682536814827,679
2025-01-05 12:15:00+00:00,2551.3682536814827,2552.664057551966,2549.0634374422734,2551.201213593049,531
2025-01-05 12:30:00+00:00,2551.201213593049,2551.97283774488,2547.6196437887656,2549.4479551778445,668
2025-01-05 12:45:00+00:00,2549.4479551778445,2551.9753453718595,2544.9035840480706,2547.1193289297103,336
2025-01-05 13:00:00+00:00,2547.1193289297103,2550.03486959897,2546.003476306232,2547.523691144977,194
2025-01-05 13:15:00+00:00,2547.523691144977,2551.8832163527727,2545.2560190666704,2549.977966598789,788
2025-01-05 13:30:00+00:00,2549.977966598789,2550.822321868395,2544.789893679615,2547.1264847942325,514
2025-01-05 13:45:00+00:00,2547.1264847942325,2549.5028818810824,2544.821566011571,2547.6481036052714,210
2025-01-05 14:00:00+00:00,2547.6481036052714,2549.7219134545317,2546.061321105329,2546.7324463032605,477
2025-01-05 14:15:00+00:00,2546.7324463032605,2548.303177128752,2542.2315225154684,2545.0968983524867,112
2025-01-05 14:30:00+00:00,2545.0968983524867,2550.1477976490187,2543.154738725949,2547.4881391800513,891
2025-01-05 14:45:00+00:00,2547.4881391800513,2548.9632526786045,2545.680132842796,2546.860930535866,997
2025-01-05 15:00:00+00:00,2546.860930535866,2552.4458447166585,2545.2755892073637,2550.668627035713,460
2025-01-05 15:15:00+00:00,2550.668627035713,2551.4539854389036,2547.6686600054654,2549.462663889225,381
2025-01-05 15:30:00+00:00,2549.462663889225,2552.7293633464233,2547.6682397178565,2550.8204863475426,666
2025-01-05 15:45:00+00:00,2550.8204863475426,2553.241522260384,2549.7005901690745,2550.8254021508797,558
2025-01-05 16:00:00+00:00,2550.8254021508797,2553.153547955658,2548.506090045291,2549.6685007674005,781
2025-01-05 16:15:00+00:00,2549.6685007674005,2552.6023829994415,2548.2595309430008,2551.4599309120554,289
2025-01-05 16:30:00+00:00,2551.4599309120554,2554.593371363975,2549.0076188615385,2551.613705808793,441
2025-01-05 16:45:00+00:00,2551.613705808793,2555.7311286787076,2550.020095683726,2553.4312933112783,287
2025-01-05 17:00:00+00:00,2553.4312933112783,2555.3725445406803,2552.8347150365557,2553.8131634870306,954
2025-01-05 17:15:00+00:00,2553.8131634870306,2555.3504348013344,2550.2747452100225,2551.905269848253,462
2025-01-05 17:30:00+00:00,2551.905269848253,2554.604531110293,2550.9018633426303,2552.1562177209207,677
2025-01-05 17:45:00+00:00,2552.1562177209207,2553.679435113717,2551.6251867234378,2552.7402292493084,810
2025-01-05 18:00:00+00:00,2552.7402292493084,2557.4114529718395,2549.797654158641,2555.31238444029,656
2025-01-05 18:15:00+00:00,2555.31238444029,2557.609483137902,2552.541276284436,2553.775577482026,135
2025-01-05 18:30:00+00:00,2553.775577482026,2555.929961854935,2551.931836179593,2554.1391118046563,989
2025-01-05 18:45:00+00:00,2554.1391118046563,2556.8221078241363,2549.3982469474304,2550.793746368987,853
2025-01-05 19:00:00+00:00,2550.793746368987,2554.3337351750015,2550.1602295406665,2552.662145225106,376
2025-01-05 19:15:00+00:00,2552.662145225106,2554.324377096488,2547.9577781112457,2550.709987985748,991
2025-01-05 19:30:00+00:00,2550.709987985748,2551.921687060311,2544.3156013384755,2547.154744892028,902
2025-01-05 19:45:00+00:00,2547.154744892028,2550.2329455280783,2546.18866309986,2547.434516445372,603
2025-01-05 20:00:00+00:00,2547.434516445372,2551.5587124703156,2545.889524053448,2550.2680379684916,489
2025-01-05 20:15:00+00:00,2550.2680379684916,2552.506216150067,2545.8718061177733,2547.3059079852,424
2025-01-05 20:30:00+00:00,2547.3059079852,2548.8292903270954,2544.3761595125775,2545.2942019936004,330
2025-01-05 20:45:00+00:00,2545.2942019936004,2548.132762322896,2541.8768251428714,2544.0309767301096,310
2025-01-05 21:00:00+00:00,2544.0309767301096,2546.9008751474416,2539.4527770165996,2541.9077671694804,210
2025-01-05 21:15:00+00:00,2541.9077671694804,2543.6686880005313,2539.508522125491,2543.0935999182416,264
2025-01-05 21:30:00+00:00,2543.0935999182416,2546.0799339335626,2539.4694747914577,2541.6576046809473,981
2025-01-05 21:45:00+00:00,2541.6576046809473,2543.6699449197404,2539.8556034210214,2540.3993294437964,391
2025-01-05 22:00:00+00:00,2540.3993294437964,2542.6848676297345,2539.3253359109362,2542.0002339453804,292
2025-01-05 22:15:00+00:00,2542.0002339453804,2543.7428109924163,2538.8575477173154,2540.6440505488536,866
2025-01-05 22:30:00+00:00,2540.6440505488536,2542.5138618349515,2538.3869490618727,2541.8901819855714,635
2025-01-05 22:45:00+00:00,2541.8901819855714,2543.7624165252337,2538.5689171954655,2540.034976262927,102
2025-01-05 23:00:00+00:00,2540.034976262927,2540.998612485786,2536.01454253771,2537.6377095618777,326
2025-01-05 23:15:00+00:00,2537.6377095618777,2539.05756040859,2531.254737738511,2533.8565355961578,807
2025-01-05 23:30:00+00:00,2533.8565355961578,2539.4569132993015,2533.2976681566133,2538.195163007936,347
2025-01-05 23:45:00+00:00,2538.195163007936,2540.2006930461353,2536.550069740788,2537.721542073048,700
2025-01-06 00:00:00+00:00,2537.721542073048,2541.0318285099056,2536.4967041773198,2538.475923556645,622
2025-01-06 00:15:00+00:00,2538.475923556645,2541.4532856900487,2535.493967002623,2538.611944124194,117
2025-01-06 00:30:00+00:00,2538.611944124194,2540.4767693096187,2537.5431038493034,2539.1546241018787,214
2025-01-06 00:45:00+00:00,2539.1546241018787,2541.365202239889,2538.536841194832,2539.44097737852,162
2025-01-06 01:00:00+00:00,2539.44097737852,2544.316980205408,2537.899816862622,2543.8022322814495,840
2025-01-06 01:15:00+00:00,2543.8022322814495,2545.2326411086033,2539.5419502360774,2541.665772395698,761
2025-01-06 01:30:00+00:00,2541.665772395698,2544.5675319538623,2537.490870423134,2538.3744138041316,216
2025-01-06 01:45:00+00:00,2538.3744138041316,2539.1715101812542,2533.669692709936,2536.2689297588477,705
2025-01-06 02:00:00+00:00,2536.2689297588477,2538.9434991978956,2532.4479269717895,2533.439067718532,242
2025-01-06 02:15:00+00:00,2533.439067718532,2537.3057286318817,2531.178369549425,2535.1744656398682,382
2025-01-06 02:30:00+00:00,2535.1744656398682,2538.291621890418,2534.2699456232313,2537.0568875680674,718
2025-01-06 02:45:00+00:00,2537.0568875680674,2539.5022899337473,2532.3007154494203,2535.0050283629353,875
2025-01-06 03:00:00+00:00,2535.0050283629353,2536.2282317840427,2530.991197216579,2531.994498322259,367
2025-01-06 03:15:00+00:00,2531.994498322259,2534.7315359679706,2528.9193312768307,2531.2477284953184,289
2025-01-06 03:30:00+00:00,2531.2477284953184,2535.034208295742,2528.6509934046794,2534.3273104031164,119
2025-01-06 03:45:00+00:00,2534.3273104031164,2535.124793040954,2526.991311993327,2528.128678028499,484
2025-01-06 04:00:00+00:00,2528.128678028499,2531.652015076873,2527.396612890551,2529.2769846247443,610
2025-01-06 04:15:00+00:00,2529.2769846247443,2530.899930381155,2524.9200134231473,2526.885366573614,203
2025-01-06 04:30:00+00:00,2526.885366573614,2530.003212210574,2525.137814016984,2529.1345538614187,696
2025-01-06 04:45:00+00:00,2529.1345538614187,2530.918138975567,2525.010570059066,2526.708869214071,681
2025-01-06 05:00:00+00:00,2526.708869214071,2527.9512920232087,2523.558779154763,2526.0121151582616,241
2025-01-06 05:15:00+00:00,2526.0121151582616,2527.8854033669263,2520.9571567155654,2522.614930833875,178
2025-01-06 05:30:00+00:00,2522.614930833875,2524.97421564246,2518.624551731491,2520.3671302455164,276
2025-01-06 05:45:00+00:00,2520.3671302455164,2525.9458583299984,2518.6489696082344,2523.303759931171,261
2025-01-06 06:00:00+00:00,2523.303759931171,2525.6300254289417,2521.6672896098817,2524.982525010351,261
2025-01-06 06:15:00+00:00,2524.982525010351,2526.963411954662,2522.4438388337016,2523.958158753945,789
2025-01-06 06:30:00+00:00,2523.958158753945,2526.9173233337156,2520.9867491710243,2521.8890097722533,303
2025-01-06 06:45:00+00:00,2521.8890097722533,2523.5385033463212,2516.3156408748177,2517.55391719319,550
2025-01-06 07:00:00+00:00,2517.55391719319,2519.9778333351815,2515.3431172399164,2516.5053461554694,797
2025-01-06 07:15:00+00:00,2516.5053461554694,2517.248497810642,2515.12072148849,2516.2411723263426,695
2025-01-06 07:30:00+00:00,2516.2411723263426,2518.9249420204596,2513.3895039609347,2515.8465658052637,478
2025-01-06 07:45:00+00:00,2515.8465658052637,2517.8016978895,2514.6321128837917,2515.4172075308306,760
2025-01-06 08:00:00+00:00,2515.4172075308306,2518.137865496083,2511.699512403944,2512.713063260522,117
2025-01-06 08:15:00+00:00,2512.713063260522,2515.1808580391307,2510.50210906171,2512.3181433378677,645
2025-01-06 08:30:00+00:00,2512.3181433378677,2514.9912427736695,2510.6898399360157,2511.9711935908877,414
2025-01-06 08:45:00+00:00,2511.9711935908877,2515.1792642831197,2510.8707866126783,2514.5360245804086,277
2025-01-06 09:00:00+00:00,2514.5360245804086,2520.6449297632043,2513.1025670246067,2518.3561194939402,260
2025-01-06 09:15:00+00:00,2518.3561194939402,2519.348571763994,2516.000892632893,2517.7559457964294,728
2025-01-06 09:30:00+00:00,2517.7559457964294,2518.9204716517,2513.57360184425,2515.759439613312,966
2025-01-06 09:45:00+00:00,2515.759439613312,2517.0713968121427,2512.3637088959995,2515.294264145851,204
2025-01-06 10:00:00+00:00,2515.294264145851,2517.2725507744913,2510.992366851076,2513.6239638814327,372
2025-01-06 10:15:00+00:00,2513.6239638814327,2515.6936161730355,2510.071048603413,2511.64602960475,342
2025-01-06 10:30:00+00:00,2511.64602960475,2514.474635969187,2509.5325616368905,2511.1616542358624,541
2025-01-06 10:45:00+00:00,2511.1616542358624,2511.693450214825,2506.9612810388307,2508.5005643578966,503
2025-01-06 11:00:00+00:00,2508.5005643578966,2510.4415987946536,2507.403230110178,2509.4580025945984,707
2025-01-06 11:15:00+00:00,2509.4580025945984,2510.863008885855,2505.9641086182705,2508.843522199279,202
2025-01-06 11:30:00+00:00,2508.843522199279,2511.5431367874594,2508.171872858882,2508.99811968736,554
2025-01-06 11:45:00+00:00,2508.99811968736,2510.872891536314,2507.178630755339,2508.190998991837,195
2025-01-06 12:00:00+00:00,2508.190998991837,2509.970975496804,2504.0225322411166,2506.177485068315,822
2025-01-06 12:15:00+00:00,2506.177485068315,2508.5779498104707,2501.6959498928213,2503.669855946371,687
2025-01-06 12:30:00+00:00,2503.669855946371,2505.8075040413128,2501.520893070178,2502.7175112581876,892
2025-01-06 12:45:00+00:00,2502.7175112581876,2503.942150788581,2498.2296463712782,2501.0720329210076,767
2025-01-06 13:00:00+00:00,2501.0720329210076,2501.858690889264,2499.5483955737,2501.1408998375787,716
2025-01-06 13:15:00+00:00,2501.1408998375787,2502.7966667266205,2498.6876535177685,2500.6782874774626,433
2025-01-06 13:30:00+00:00,2500.6782874774626,2503.378703471278,2496.494007219952,2497.2215730809767,859
2025-01-06 13:45:00+00:00,2497.2215730809767,2499.2169257244173,2494.1759765290517,2496.903198641125,450
2025-01-06 14:00:00+00:00,2496.903198641125,2497.536421301957,2492.7193341279844,2493.476843093279,320
2025-01-06 14:15:00+00:00,2493.476843093279,2495.0770357128768,2490.1577768189377,2491.6428936864945,286
2025-01-06 14:30:00+00:00,2491.6428936864945,2493.1044238959116,2487.7984354857767,2490.5123710466046,562
2025-01-06 14:45:00+00:00,2490.5123710466046,2492.468433404652,2482.596488255567,2485.4589732803743,569
2025-01-06 15:00:00+00:00,2485.4589732803743,2487.4267901056264,2482.408100308263,2485.1680394298073,327
2025-01-06 15:15:00+00:00,2485.1680394298073,2488.0463694981836,2482.4349178353714,2485.0039006918787,622
2025-01-06 15:30:00+00:00,2485.0039006918787,2486.349135324905,2483.0730466536174,2484.156298604619,285
2025-01-06 15:45:00+00:00,2484.156298604619,2485.676537344898,2482.139977986779,2482.71961308279,940
2025-01-06 16:00:00+00:00,2482.71961308279,2484.753397860232,2479.7621457200694,2481.391669584875,129
2025-01-06 16:15:00+00:00,2481.391669584875,2484.1076461374983,2478.0769034664904,2478.734852430703,136
2025-01-06 16:30:00+00:00,2478.734852430703,2481.0002123025884,2474.7297458737416,2477.631081433448,395
2025-01-06 16:45:00+00:00,2477.631081433448,2479.308295030416,2475.382853462429,2475.9033220705974,917
2025-01-06 17:00:00+00:00,2475.9033220705974,2478.4397371912355,2474.278149779258,2475.5918512698104,290
2025-01-06 17:15:00+00:00,2475.5918512698104,2477.3051164977237,2471.42059607722,2472.4288268313935,991
2025-01-06 17:30:00+00:00,2472.4288268313935,2475.341679959707,2471.894599511084,2472.432872715188,402
2025-01-06 17:45:00+00:00,2472.432872715188,2473.6391213347397,2470.4861001090467,2472.2337952591224,411
2025-01-06 18:00:00+00:00,2472.2337952591224,2473.0522750031787,2470.718586081511,2471.4087105940257,195
2025-01-06 18:15:00+00:00,2471.4087105940257,2473.9847103342354,2467.1798975211577,2469.929745411033,753
2025-01-06 18:30:00+00:00,2469.929745411033,2471.87677651382,2467.710675604561,2470.6335289784015,880
2025-01-06 18:45:00+00:00,2470.6335289784015,2473.2520196260075,2465.036806986613,2466.46180881529,842
2025-01-06 19:00:00+00:00,2466.46180881529,2468.990905577026,2463.857898629704,2466.967393507715,233
2025-01-06 19:15:00+00:00,2466.967393507715,2468.769659505653,2464.4752494170098,2466.997261224742,686
2025-01-06 19:30:00+00:00,2466.997261224742,2467.8364638322187,2465.681158493164,2467.1188843682357,504
2025-01-06 19:45:00+00:00,2467.1188843682357,2469.9295757447194,2464.5008139485844,2467.4637869886387,360
2025-01-06 20:00:00+00:00,2467.4637869886387,2468.12859794399,2462.707716146801,2465.5312106456095,788
2025-01-06 20:15:00+00:00,2465.5312106456095,2468.4440884999517,2462.4203406559914,2464.470069997127,660
2025-01-06 20:30:00+00:00,2464.470069997127,2468.0783366599217,2463.0906125106153,2465.3859001748415,876
2025-01-06 20:45:00+00:00,2465.3859001748415,2467.110056672559,2462.6344350542518,2465.8526351914356,889
2025-01-06 21:00:00+00:00,2465.8526351914356,2466.6723006087173,2462.9749850102194,2465.832151143652,870
2025-01-06 21:15:00+00:00,2465.832151143652,2468.54633727018,2460.662991816165,2462.031201595797,196
2025-01-06 21:30:00+00:00,2462.031201595797,2464.450924972888,2461.3154717896527,2462.751298557458,657
2025-01-06 21:45:00+00:00,2462.751298557458,2465.6796329531276,2460.0817732722057,2464.8674485076426,531
2025-01-06 22:00:00+00:00,2464.8674485076426,2468.3852862575104,2462.7054650737327,2466.6389807987443,257
2025-01-06 22:15:00+00:00,2466.6389807987443,2467.8281240550364,2465.5589862381225,2466.711075864848,120
2025-01-06 22:30:00+00:00,2466.711075864848,2468.230664351875,2460.932097762872,2462.849415796333,283
2025-01-06 22:45:00+00:00,2462.849415796333,2466.5968742597347,2461.5789316235346,2464.4962716354607,860
2025-01-06 23:00:00+00:00,2464.4962716354607,2467.2846835898818,2460.9559704661256,2463.7539414086473,716
2025-01-06 23:15:00+00:00,2463.7539414086473,2466.256265986157,2456.4174555961,2457.772742386335,800
2025-01-06 23:30:00+00:00,2457.772742386335,2459.1045137423594,2456.7820973558205,2458.2019914962157,910
2025-01-06 23:45:00+00:00,2458.2019914962157,2459.8953308189343,2453.9199590854464,2454.527982020117,141
2025-01-07 00:00:00+00:00,2454.527982020117,2456.257802021168,2449.937983445585,2451.2942761649665,466
2025-01-07 00:15:00+00:00,2451.2942761649665,2454.26798310201,2446.5522180884104,2449.52583643487,771
2025-01-07 00:30:00+00:00,2449.52583643487,2452.681561145769,2448.4799870665524,2451.9643165404864,762
2025-01-07 00:45:00+00:00,2451.9643165404864,2453.7412356552213,2449.1527125410994,2450.7978408105223,722
2025-01-07 01:00:00+00:00,2450.7978408105223,2453.8402048191797,2447.8675742597234,2451.0542970853585,225
2025-01-07 01:15:00+00:00,2451.0542970853585,2456.068392542025,2450.5375116448545,2454.5712694278604,213
2025-01-07 01:30:00+00:00,2454.5712694278604,2458.9153085596417,2453.333611530523,2457.7610139600765,486
2025-01-07 01:45:00+00:00,2457.7610139600765,2459.6508476534314,2454.6752503728326,2457.2282105883883,572
2025-01-07 02:00:00+00:00,2457.2282105883883,2458.528431557354,2455.6640536599925,2456.4033828820143,386
2025-01-07 02:15:00+00:00,2456.4033828820143,2459.2210807139827,2450.5274296720245,2453.3481699886074,720
2025-01-07 02:30:00+00:00,2453.3481699886074,2454.0601669107627,2448.9650847092335,2451.551478301419,299
2025-01-07 02:45:00+00:00,2451.551478301419,2453.2477854903955,2450.693849155588,2452.2310157987486,401
2025-01-07 03:00:00+00:00,2452.2310157987486,2453.567892263399,2450.250150960072,2452.858214834033,190
2025-01-07 03:15:00+00:00,2452.858214834033,2455.1500942176694,2450.9694692062963,2452.8703712160554,553
2025-01-07 03:30:00+00:00,2452.8703712160554,2456.07465074582,2450.6361374170137,2454.841796092767,767
2025-01-07 03:45:00+00:00,2454.841796092767,2457.5922186276653,2451.6717530268543,2452.938853894877,978
2025-01-07 04:00:00+00:00,2452.938853894877,2455.6729324611274,2451.164938956208,2452.6253254829553,316
2025-01-07 04:15:00+00:00,2452.6253254829553,2456.8985943498756,2451.5233229030828,2454.057627713975,672
2025-01-07 04:30:00+00:00,2454.057627713975,2456.3205093702777,2452.8278789769197,2455.1801881044603,145
2025-01-07 04:45:00+00:00,2455.1801881044603,2457.8893545377055,2454.240866248565,2457.387712641816,551
2025-01-07 05:00:00+00:00,2457.387712641816,2459.5957406074494,2454.6267051257228,2458.1267270634958,896
2025-01-07 05:15:00+00:00,2458.1267270634958,2461.033134667425,2454.60728602791,2457.325846395729,159
2025-01-07 05:30:00+00:00,2457.325846395729,2460.4261626759276,2455.925804908643,2458.0168078623315,443
2025-01-07 05:45:00+00:00,2458.0168078623315,2458.665957562367,2453.4866119689023,2455.7196568754684,209
